﻿"매장이름","지역","주소","전화번호"
"전주백제대로점","전북 전주시 덕진구","전라북도 전주시 덕진구 백제대로 592 (금암동) 1층","063-271-5056"
"부산백양대로DI점","부산 사상구","부산광역시 사상구 백양대로 621 (괘법동) 2~4층","051-324-7779"
"분당미금점","경기 성남시 분당구","경기도 성남시 분당구 미금일로90번길 24 (구미동) B1F ~ 1F","031-713-7739"
"부산일광신도시점","부산 기장군","부산광역시 기장군 일광읍 해빛6로 43-20 .","070-4790-2715"
"메리츠봉래타워점","서울 중구","서울시 중구 칠패로 28 메리츠강북타워 1층","02-753-8835"
"성남모란역점","경기 성남시 중원구","경기도 성남시 중원구 성남대로1148번길 8 (성남동) 1층, 성남동3453","031-758-5953"
"고양시청DI점","경기 고양시 덕양구","경기도 고양시 덕양구 호국로 730 2F","031-812-0105"
"(춘)치악휴게소점","강원 원주시","강원도 원주시 신림면 다리실2길 32 .","033-762-8129"
"간석오거리점","인천 남동구","인천광역시 남동구 남동대로 931 (간석동) 씨앤케이 웨딩홀","032-425-0915"
"대구범어천로점","대구 수성구","대구광역시 수성구 범어천로 200 (범어동, 범어월드메르디앙웨스턴카운티) 102호, 201호","053-759-5779"
"길동포유르센티점","서울 강동구","서울특별시 강동구 진황도로 104 (길동) 1층 (101~102호)","02-487-9997"
"고덕비즈밸리점","서울 강동구","서울특별시 강동구 고덕비즈밸리로 38 (고덕동) KS타워 101호~102호","."
"창원팔용점","경남 창원시 의창구","경상남도 창원시 의창구 창원대로18번길 6-8 (팔용동) 할리스 창원팔용점","."
"파르나스몰점","서울 강남구","서울특별시 강남구 테헤란로 521 (삼성동, 파르나스타워) 파르나스몰 내 B1층 F-3a호","02-3453-1024"
"석계역점","서울 노원구","서울시 노원구 화랑로 325 1층","02-942-1345"
"동해묵호점","강원 동해시","강원특별자치도 동해시 해안로 368 (평릉동, 할리스커피) 1~3층","033-534-8902"
"충남도청점","충남 홍성군","충청남도 홍성군 홍북읍 청사로174번길 25 (성원타워) .","041-631-4725"
"신대방삼거리역점","서울 동작구","서울특별시 동작구 상도로 60 (대방동) 1층~2층","02-823-2377"
"세종국책연구단지점","세종 세종시","세종특별자치시 시청대로 370 (반곡동, 나라키움세종국책연구단지) .","044-865-4684"
"동아대 인문대점","부산 사하구","부산광역시 사하구 낙동대로550번길 37 (하단동, 동아대학교) S01 인문대 카페","051-200-6165"
"경상대 느티마루점","경남 진주시","경상남도 진주시 진주대로 501 (가좌동, 경상국립대학교가좌캠퍼스) .","."
"경북대 크누라운지점","대구 북구","대구광역시 북구 대학로 80 (산격동, 경북대학교) .","."
"국민대 성곡도서관점","서울 성북구","서울특별시 성북구 정릉로 77 (정릉동, 국민대학교) 도서관 지하1층","02-910-4954"
"atti-C 2023점","광주 북구","광주광역시 북구 용봉로 77 (용봉동, 전남대학교) .","062-530-0040"
"경희대 경영대점","서울 동대문구","서울특별시 동대문구 경희대로 26 (회기동) 경영대학 3층","."
"광주상무점","광주 서구","광주광역시 서구 상무연하로 16 (치평동, 스마일빌딩) 1층 109호","062-371-7778"
"청주내수DI점","충북 청주시 청원구","충청북도 청주시 청원구 내수읍 충청대로 410-19 1F-2F","043-241-0517"
"명동역점","서울 중구","서울특별시 중구 퇴계로 131 (충무로2가, 신일빌딩) .","02-752-5925"
"인천굴포천역점","인천 부평구","인천광역시 부평구 충선로209번길 49 (삼산동, 삼산노블시티프라자) 삼산동 463-2, 103,104,105호","070-4400-4664"
"대구팔달교DT점","대구 서구","대구광역시 서구 팔달로 34 (비산동) 1~2층","053-354-1212"
"인천공항교통센터점","인천 중구","인천광역시 중구 공항로 272 (운서동, 인천공항) 인천국제공항 제1여객터미널 지하1층(실번호 2-32-07)","032-743-3718"
"한국선원센터점","부산 중구","부산광역시 중구 충장대로9번길 66 (중앙동4가, 한국선원센터) (중앙동4가 74-7)1층","070-4070-7506"
"제주애월천덕로점","제주 제주시","제주특별자치도 제주시 애월읍 천덕로 238-1 다동 1층","064-799-6667"
"대구장기점","대구 달서구","대구광역시 달서구 장기로 268 (장기동) 1~2층","053-522-0666"
"부산연산점","부산 연제구","부산광역시 연제구 반송로 89 (연산동) 1층","051-989-3296"
"평촌점","경기 안양시 동안구","경기도 안양시 동안구 관평로170번길 43 (관양동, 훼미리타운) 1층","031-385-3400"
"남동케이원점","인천 남동구","인천광역시 남동구 비류대로 622 (남촌동) 남동산단케이원 1층 105,106,108호 (남촌동)","032-821-9110"
"오송역사점","충북 청주시 흥덕구","충청북도 청주시 흥덕구 오송읍 오송가락로 123 (오송역) 오송역 2층 맞이방","."
"구미CGV점","경북 구미시","경상북도 구미시 구미중앙로 44 (원평동, 멀티복합상가) 원평동68-1, 1층","054-604-0375"
"왕십리역점","서울 성동구","서울특별시 성동구 왕십리광장로 17 (행당동, 왕십리민자역사) 비트플렉스몰 3층 영풍문고 내","02-2200-1303"
"울산정자해변점","울산 중구","울산광역시 북구 동해안로 1544 (정자동) 1층~2층","052-281-0620"
"부산서면일번가점","부산 부산진구","부산광역시 부산진구 서면로68번길 52 (부전동) 1층","051-819-1449"
"강릉안목해변점","강원 강릉시","강원특별자치도 강릉시 창해로14번길 34-1 (견소동) 견소동283-6,견소동132","070-7575-0184"
"경주용강DT점","경북 경주시","경상북도 경주시 산업로 4510 (용강동, 용강주유소) .","070-7575-0185"
"군산수송점","전북 군산시","전라북도 군산시 수송북로 22 수송동 831-1,1층","063-467-9500"
"광주운암점","광주 북구","광주광역시 북구 북문대로 184 (운암동) .","062-531-7711"
"이천축산농협점","경기 이천시","경기도 이천시 구만리로 107 (진리동) .","031-635-6694"
"구리돌다리점","경기 구리시","경기도 구리시 경춘로227번길 14 (인창동) 1층","031-564-4565"
"소월아트홀점","서울 성동구","서울특별시 성동구 왕십리로 275-1 (행당동) .","02-2294-7002"
"송파거여역점","서울 송파구","서울특별시 송파구 오금로 513 (거여동, 위례빌딩) .","02-449-6232"
"경주주상절리점","경북 경주시","경상북도 경주시 양남면 동해안로 486 .","054-743-3780"
"(하)홍성휴게소점","충남 홍성군","충청남도 홍성군 은하면 금국리 275-2 .","041-642-1172"
"(상)홍성휴게소점","충남 홍성군","충청남도 홍성군 은하면 서해안고속도로 220 .","041-642-1172"
"서초마제스타시티점","서울 서초구","서울특별시 서초구 서초대로38길 12 (서초동, 마제스타시티,힐스테이트서리풀) .","02-6411-0063"
"울산KTX점","울산 울주군","울산광역시 울주군 삼남읍 도호1길 38 1층","052-937-8887"
"인천항국제여객터미널점","인천 연수구","인천광역시 연수구 국제항만대로326번길 57 (송도동, 인천항국제여객터미널) 인천항 국제여객터미널 204호","070-4139-9947"
"분당파크타운점","경기 성남시 분당구","경기도 성남시 분당구 내정로 170 (수내동, 동신파크빌딩) .","031-713-8570"
"하남덕풍점","경기 하남시","경기도 하남시 덕풍북로 2 (덕풍동) .","070-4791-4731"
"대전오류점","대전 중구","대전광역시 중구 계룡로 876 메종드메디컬빌딩 104호, 202호 .","042-522-3141"
"계룡대점","충남 계룡시","충청남도 계룡시 신도안면 신도안1길 43 (계룡스포츠센터) 계룡스포츠센터 1층","042-551-5508"
"대전타임월드점","대전 서구","대전광역시 서구 둔산로 32-13(둔산동) .","042-489-1315"
"구미오태DT점","경북 구미시","경상북도 구미시 금오대로 320 .","054-461-0348"
"화정DI점","경기 고양시 덕양구","경기도 고양시 덕양구 화신로 254 (화정동) .","031-971-4097"
"부산광복점","부산 중구","부산광역시 중구 광복로 70 (광복동2가) .","051-253-8033"
"과천정보타운점","경기 과천시","경기도 과천시 과천대로7가길 20,1층 (갈현동,프리즘스퀘어1)","02-6958-6720"
"양평북한강DI점","경기 양평군","경기도 양평군 양서면 양수로118번길 29 할리스","031-8079-7090"
"완주삼봉점","전북 완주군","전라북도 완주군 삼례읍 신기길 5-3 수계리 1212-4","063-261-2003"
"잠실새내역점","서울 송파구","서울특별시 송파구 올림픽로12길 8 (잠실동, 제일빌딩) .","02-416-2085"
"화성남양점","경기 화성시","경기 화성시 역골중앙로 115 1층 남양읍 남양리 2279-2","031-8067-7760"
"여주교동DI점","경기 여주시","경기도 여주시 향교로 17 (창동) 1층~2층","031-882-8121"
"중랑역점","서울 중랑구","서울특별시 중랑구 망우로 210 (상봉동) .","02.6085.7858"
"분당서울대병원점","경기 성남시 분당구","경기도 성남시 분당구 구미로173번길 82 (구미동, 분당서울대학교병원) 본관 1동","031-8039-6020"
"강변역점","서울 광진구","서울 광진구 구의강변로 64, 구의아크로리버 1층 구의동 589-10","070-7802-0303"
"대구중동점","대구 수성구","대구 수성구 중동 322-14 .","053-767-4326"
"오산궐동점","경기 오산시","경기 오산시 궐리사로 34 1층 궐동 670-1","031-374-7999"
"서서울공원점","서울 양천구","서울특별시 양천구 남부순환로58길 37 신월동 205-36","070-4277-6756"
"오산역점","경기 오산시","경기도 오산시 오산로 195 (오산동, 명신예식홀) .","031-8042-7719"
"용산아이파크몰점","서울 용산구","서울특별시 용산구 한강대로23길 55 (한강로3가, 용산역) 4층","02-2012-0473"
"등촌역점","서울 강서구","서울특별시 강서구 등촌로 229 (등촌동) .","02-2655-2290"
"부산서부터미널점","부산 사상구","부산광역시 사상구 사상로 201 (괘법동, 서부시외버스터미널) .","051-323-0305"
"춘천강원대점","강원 춘천시","강원특별자치도 춘천시 서부대성로 229 (효자동) .","033-253-0425"
"송도대홍프라자점","인천 연수구","인천광역시 연수구 해돋이로152번길 9 (송도동) .","032-710-3810"
"순천조례점","전남 순천시","전라남도 순천시 충효로 109 (조례동, 디지털프라자전자랜드) 조례동 1264","061-902-7288"
"진주혁신도시점","경남 진주시","경상남도 진주시 에나로128번길 24 (충무공동) .","."
"논산내동점","충남 논산시","충청남도 논산시 대학로65번길 6-5 (내동) 101,102,201호","041-733-4855"
"오류동점","서울 구로구","서울특별시 구로구 경인로 224 (오류동, 칸타빌레5차) .","02-2625-4854"
"부천역점","경기 부천시 원미구","경기도 부천시 부일로 448 (심곡동, 프리존빌딩) 110호, 204호","032-665-8255"
"화성병점점","경기 화성시","경기도 화성시 병점동로 105 1,2층(진안동)","031-233-4686"
"군산은파유원지DI점","전북 군산시","전라북도 군산시 백토로 284-35 (나운동) .","063-467-1199"
"잠실학원사거리점","서울 송파구","서울특별시 송파구 석촌호수로 130 (삼전동, 신원빌딩) 삼전동 1-1외 3필지","02-3431-4662"
"구미시청점","경북 구미시","경상북도 구미시 송정대로 54 (송정동) .","054-452-8297"
"화성향남DT점","경기 화성시","경기도 화성시 향남읍 향남로 306 방축리294,295-2번지","070-7575-0745"
"발산역점","서울 강서구","서울특별시 강서구 강서로 357 (내발산동) .","02-2663-4976"
"목동파리공원점","서울 양천구","서울특별시 양천구 목동서로 57 (목동, 현대파리지앙) .","02-2645-8497"
"인천한길안과병원점","인천 부평구","인천광역시 부평구 부평대로 37 (부평동, 정명빌딩한길안과병원) .","032-503-3379"
"북한산DI점","서울 은평구","서울특별시 은평구 북한산로 248-8 (진관동, 자돈) .","02-3157-4843"
"울산성남점","울산 중구","울산광역시 중구 만남의거리 33, 1F 성남동 256-16","052-211-4741"
"구미상모사곡점","경북 구미시","경상북도 구미시 박정희로 259 (사곡동) .","054-457-7772"
"신도림테크노마트점","서울 구로구","서울특별시 구로구 새말로 97 (구로동, 신도림테크노마트) 104~106호","02-2111-1300"
"제주황사평DT점","제주 제주시","제주특별자치도 제주시 연북로 756 1~2층","064-722-2529"
"KG타워점","서울 중구","서울특별시 중구 통일로 92 (순화동, 케이지타워) 1층","02-777-5559"
"올림픽공원역점","서울 송파구","서울특별시 송파구 올림픽로 424 (방이동, 올림픽공원) (A-3동 C구역 )","02-420-9997"
"울산매곡점","울산 북구","울산광역시 북구 신기17길 3 (매곡동) 3필지","052-292-5522"
"목동삼성쉐르빌점","서울 양천구","서울특별시 양천구 목동동로 189 (신정동, 삼성쉐르빌1) 1층 101,102,103호","02-2652-2030"
"신촌역점","서울 마포구","서울특별시 마포구 신촌로 88 (노고산동, 태영빌딩) 2층","02-325-7588"
"울산국가정원점","울산 중구","울산광역시 중구 태화강국가정원길 201 (태화동) .","052-245-8497"
"노원역점","서울 노원구","서울특별시 노원구 노해로 488 (상계동, 근호빌딩) 1층","02-933-8824"
"다산제이원점","경기 남양주시","경기도 남양주시 다산중앙로82번안길 28 (다산동) 124~126호","031.558.8885"
"BMC점","경기 고양시 일산동구","경기도 고양시 일산동구 동국로 32 (식사동) 산학협력관 1층","031-961-5692"
"청주율량현대점","충북 청주시 청원구","충청북도 청주시 청원구 율봉로 150 1층","070-4064-3999"
"전북대덕진광장점","전북 전주시 덕진구","전라북도 전주시 덕진구 덕진광장로12 1~2층","063-272-2400"
"가산대륭22차점","서울 금천구","서울특별시 금천구 가산디지털1로 146 (가산동) 109,110,111호","070-7705-2670"
"진주초전점","경남 진주시","경상남도 진주시 초북로20번길 5 (초전동) 1층","070-7801-1029"
"연세대학교원주장례식장점","강원 원주시","강원도 원주시 일산로 20 장례식장 1층","033-735-3335"
"원주세브란스기독병원점","강원 원주시","강원도 원주시 일산로 20 원주세브란스기독병원 외래센터 1층","033-735-3339"
"순천향대학교 천안병원 외래점","충남 천안시 동남구","충청남도 천안시 동남구 순천향6길 31 (봉명동, 순천향대학교천안병원) 외래센터 2층","041-574-1007"
"순천향대학교 천안병원 본관점","충남 천안시 동남구","충청남도 천안시 동남구 순천향6길 31 (봉명동, 순천향대학교천안병원) 본관 1층","041-574-1007"
"(논)탄천휴게소2호점","충남 공주시","충청남도 공주시 탄천면 논산천안고속도로 27 (탄천하행휴게소) .","."
"의정부역점","경기 의정부시","경기도 의정부시 신흥로232번길 5-31,(의정부동, 아이비타워) 1층","031-876-7006"
"이도점","제주 제주시","제주특별자치도 제주시 중앙로 302 (이도이동, 더스프링) .","070-7694-2323"
"연트럴파크점","서울 마포구","서울특별시 마포구 동교로 233 (연남동) .","02-335-7805"
"강남우리라운지점","서울 강남구","서울특별시 강남구 테헤란로 301 역삼동 701-02 삼정빌딩 L층","02-566-1002"
"수원영통점","경기 수원시 영통구","경기도 수원시 영통구 청명남로 10 영통동 1000-1","031-202-3356"
"이태원역점","서울 용산구","서울특별시 용산구 이태원로 180 2층~3층","02-749-8752"
"오목교역점","서울 양천구","서울특별시 양천구 오목로 344 (목동, 청학빌딩) 1층","02-2062-8405"
"메가박스프리미엄만경관점","대구 서구","대구 중구 국채보상로 547 MMC 만경관 4층 .","070-7717-2192"
"(인)강릉휴게소점","강원 강릉시","강원도 강릉시 성산면 영동고속도로 231 (강릉상휴게소) .","033-647-9970"
"순천신대점","전남 순천시","전라남도 순천시 해룡면 향매로 67 신대리 1978","061-723-5185"
"시흥사거리점","서울 금천구","서울특별시 금천구 시흥대로 225 시흥동 994-9","02-804-9226"
"전주효천점","전북 전주시 완산구","전라북도 전주시 완산구 쑥고개로 351, 1층 101호~102호 효자동2가 1326-4","063-224-5777"
"제주도두해안DT점","제주 제주시","제주특별자치도 제주시 도두일동 1686 .","064-745-7301"
"부산화명점","부산 북구","부산광역시 북구 금곡대로285번길 13 (화명동, 스포렉스) 스포렉스 106호,107호,108호","070-8884-1101"
"방배역점","서울 서초구","서울특별시 서초구 방배로 107 (방배동, 디엠타워3관) 1층","02-523-4180"
"고양향동점","경기 고양시 덕양구","경기도 고양시 덕양구 향기3로 9, 101호 (향동동) 향동동 536","02-3158-0031"
"광주북구청점","광주 북구","광주광역시 북구 서방로 2 (중흥동) .","062-511-8002"
"(상)홍천휴게소R점","강원 홍천군","강원도 홍천군 화촌면 서울양양고속도로 83 .",""
"부산시민공원점","부산 부산진구","부산 부산진구 시민공원로 73, 푸드코트피크닉 범전동 200","."
"강남역2점","서울 강남구","서울특별시 강남구 강남대로 422 (역삼동) 역삼동816,816-7,816-8","02-568-9056"
"숙대입구점","서울 용산구","서울특별시 용산구 청파로 276 (청파동2가) 2층~3층 할리스","02-704-9636"
"김해복음병원점","경남 김해시","경상남도 김해시 활천로 44 (삼정동) 할리스 김해복음병원점","055-723-2053"
"홍제천점","서울 서대문구","서울특별시 서대문구 홍제내길 52,1~2층 홍제동 361-49","02-396-0903"
"롯데시네마라페스타점","경기 고양시 일산동구","경기도 고양시 일산동구 무궁화로 32-34 (장항동, 라페스타C) 3층","070-7733-0384"
"충남대점","대전 유성구","대전광역시 유성구 대학로 84 (궁동 482-6) .","070-7543-1009"
"종각역점","서울 종로구","서울특별시 종로구 종로 60-1 종로2가 102-3","02-736-3399"
"부산아트몰링영풍문고점","부산 사하구","부산광역시 사하구 낙동남로 1413 (하단동, 아트몰링) 13층","051-999-7122"
"광명GIDC점","경기 광명시","경기도 광명시 일직로 43 일직동 514 지하2층 G249, G250호","02-6914-6550"
"이천점","경기 이천시","경기도 이천시 어재연로 35, 1~3층 (창전동)","031-635-6655"
"시흥능곡점","경기 시흥시","경기도 시흥시 능곡번영길 25 (능곡동) 능곡동 211-3 (107,108,205,206호)","070-8806-1314"
"평택칠괴점","경기 평택시","경기도 평택시 칠괴길 84 칠괴동 492 1층","031-665-1770"
"송탄서정점","경기 평택시","경기도 평택시 경기대로 1371,102호 서정동 814-1","031-611-0234"
"장승배기역점","서울 동작구","서울특별시 동작구 장승배기로11가길 11, 1층 105호 (상도동, 상도파크자이)","02-812-9330"
"김해인제대점","경남 김해시","경상남도 김해시 인제로 168 (어방동) 정석빌딩101호","055-314-8589"
"순천성가롤로병원점","전남 순천시","전남 순천시 순광로 221, 순천성가롤로병원 별관 2층 조례동 1742","061-905-0013"
"부산동의대점","부산 부산진구","부산광역시 부산진구 엄광로 176 가야동, 동의대학교","051-893-6679"
"금정AK프라자점","경기 군포시","경기 군포시 엘에스로 143 1층 1008호 금정동 916","031-427-8535"
"울산삼산로점","울산 남구","울산광역시 남구 삼산로 283 (삼산동, 소망빌딩) 삼산동1525-8,1525-9","052-275-9004"
"동학사점","충남 공주시","충남 공주시 반포면 동학사2로 133 1,2층 .","070-8836-8038"
"부천순천향병원점","경기 부천시 원미구","경기도 부천시 조마루로 170(중동) 본관 지하 1층 .","."
"전주시네마점","전북 전주시 완산구","전라북도 전주시 완산구 전주객사3길 67 (고사동, 전주시네마타운) 1~2층","063-232-9448"
"천안신부점","충남 천안시 동남구","충청남도 천안시 동남구 만남로 26 (신부동, 대영빌딩) 454-5번지, 4~5층","041-566-5085"
"삼성전자평택캠퍼스점","경기 평택시","경기도 평택시 삼성로 144 (고덕면 여염리 1648) .","031-8094-9981"
"천안아산역사점","충남 아산시","충청남도 아산시 배방읍 희망로 100 (천안아산역) 3층 맞이방","."
"부산서구청점","부산 서구","부산광역시 서구 보수대로 9 1층 104호 (바른빌딩,충무동1가 3-1)","070-4647-1455"
"울산율리점","울산 울주군","울산광역시 울주군 청량읍 율리영해1길 46 1층","052-221-1030"
"마산호계점","경남 창원시 마산회원구","경상남도 창원시 마산회원구 내서읍 광려천동로 28 (내서신화하니엘더시티) 상가 1~2층","055-231-7195"
"진해경화점","경남 창원시 진해구","경상남도 창원시 진해구 조천북로 76 (경화동) .","055-547-9906"
"(하)화성휴게소점","경기 화성시","경기 화성시 팔탄면 서해안고속도로 301-1 화성휴게소 (하행)","."
"(상)화성휴게소점","경기 화성시","경기도 화성시 팔탄면 서해안고속도로 302 화성휴게소(상행)","."
"중앙대점","서울 동작구","서울특별시 동작구 흑석로 77 (흑석동) 1~4층 .","02-3280-3280"
"고양신원점","경기 고양시 덕양구","경기도 고양시 덕양구 권율대로 896-19 101,201호 (신원동 636-3)","02-381-7666"
"부천심곡점","경기 부천시 원미구","경기도 부천시 장말로 376  심곡동 355-1","."
"제주연북로DI점","제주 제주시","제주특별자치도 제주시  오남로 166 (오라이동 1550-11)","070-4123-5111"
"군산선유도점","전북 군산시","전라북도 군산시 옥도면 선유북길 125-1 선유도리 213-3","063-464-9314"
"고양삼송점","경기 고양시 덕양구","경기도 고양시 덕양구 삼송로 222 (삼송동, 삼송역현대헤리엇) 1층 할리스 / 101동 104~107호","070-7643-6611"
"독립문역점","서울 종로구","서울특별시 종로구 통일로 230 (무악동, 경희궁롯데캐슬) 상가동 1층,117호  1층,117호","010-2594-7308"
"익산모현점","전북 익산시","전라북도 익산시 선화로3길 16-10 1층","063-842-8420"
"일산문촌마을점","경기 고양시 일산서구","경기도 고양시 일산서구 중앙로 1493 ,상가동 1층 1001-1, 1001-2","070-7797-3247"
"성균관대점","서울 종로구","서울특별시 종로구 성균관로 6 (명륜2가 204) 1~4층","02-743-8526"
"대전건양대병원점","대전 서구","대전광역시 서구 관저동로 158 (관저동, 건양대학교병원) 신관 지하1층","042-543-3138"
"대전유성온천점","대전 유성구","대전 유성구 온천로 45  1층","042-825-2023"
"스틸랜드점","경기 시흥시","경기도 시흥시 오이도로 21 (정왕동, STEELLAND) 1층","070-8802-8041"
"거제휴게소점","경남 거제시","경상남도 거제시 장목면 거가대로 1068 .","055-736-2200"
"가덕휴게소점","부산 강서구","부산광역시 강서구 거가대로 2571 (천성동) .","051-715-2200"
"태릉입구역점","서울 노원구","서울특별시 노원구 화랑로 453 (공릉동, 그린힐) 1층","02-976-0078"
"마산저도점","경남 창원시 마산합포구","경상남도 창원시 마산합포구 구산면 해양관광로 1872-50 2~3층","055-243-1052"
"충북옥천점","충북 옥천군","충청북도 옥천군 옥천읍 송신길 172 .","043-731-5560"
"화성조암점","경기 화성시","경기도 화성시 우정읍 쌍봉로 76 1층, 103호","031-358-3567"
"구로디지털점","서울 구로구","서울특별시 구로구 디지털로31길 12  1층 105,106호 (구로동 197-21)","070-7576-4842"
"(상)안성맞춤휴게소점","경기 안성시","경기도 안성시 서운면 평택제천고속도로 41 (안성맞춤휴게소평택방향) .","031-673-3822"
"나주빛가람혁신도시점","전남 나주시","전라남도 나주시 배멧3길 5-4 (빛가람동) .","061-334-5466"
"청계천점","서울 종로구","서울특별시 종로구  청계천로 81 1,2,3,4층","02-735-5462"
"(상)정안알밤휴게소점","충남 공주시","충청남도 공주시 정안면 논산천안고속도로 58 (정안상행휴게소) 1층","010-4551-8103"
"인천대입구역점","인천 연수구","인천광역시 연수구 인천타워대로132번길 34 (송도동) 104호,105호","032-833-2808"
"남양주진접점","경기 남양주시","경기도 남양주시 진접읍 해밀예당1로 8-12, 가동 1~2층 연평리 110-1","031-523-3237"
"방이역점","서울 송파구","서울특별시 송파구 양재대로72길 5 (오금동, 올림픽파크센트레빌) 1층","02-403-0338"
"청담삼성로점","서울 강남구","서울특별시 강남구 삼성로119길 8 (삼성동, 강남대학교청담카이로스빌딩) 1층","02-541-7755"
"김포운양점","경기 김포시","경기도 김포시 김포한강11로255번길 15 (운양동, 김포한강이랜드타운힐스) .","031-986-2260"
"울산교보핫트랙스점","울산 남구","울산광역시 남구 화합로 185 (삼산동) 업스퀘어 B1 교보문고내","052-990-5550"
"고덕그라시움후문점","서울 강동구","서울특별시 강동구 동남로82길 77-1 (고덕동) 2층~4층,고덕동 258-4","02-2088-0831"
"세종가람DT점","세종 세종시","세종특별자치시 금송로 589 (가람동) .","044-865-8882"
"덕수궁점","서울 중구","서울특별시 중구  세종대로 91 (태평로2가) 1~2층 할리스","02-6365-0143"
"김포디원시티점","경기 김포시","경기도 김포시 김포한강10로133번길 127 (구래동) 할리스커피","031-8035-1750"
"대구봉무공원점","대구 동구","대구광역시 동구 단산길 4 (봉무동) 1~2층","053-984-3001"
"보라매역점","서울 영등포구","서울특별시 영등포구 여의대방로 145 (신길동, 세인트빌딩) 신길동 505 1층","02-845-1097"
"청주산남DT점","충북 청주시 서원구","충청북도 청주시 서원구 1순환로 892,1,2층(산남동)","043-287-5731"
"평택이충DT점","경기 평택시","경기도 평택시 추담로 30 A동 1~2층 (이충동)","031-667-7034"
"평택지산점","경기 평택시","경기도 평택시 지산로 10, 1층 지산동 808-4, 101,102호","031-8029-9005"
"미아역점","서울 강북구","서울특별시 강북구 도봉로 203, 1-2층 미아동 209-2","02-980-7374"
"성주성밖숲점","경북 성주군","경상북도 성주군 성주읍 성밖숲길 7 .","054-933-2222"
"속초영랑해변DI점","강원 속초시","강원도 속초시 영랑해안길 205 (영랑동 148-172) 할리스","033-637-0164"
"울산달동DT점","울산 남구","울산광역시 남구 번영로 82 (달동 1297-1) 할리스","052-275-3022"
"인천당하점","인천 서구","인천광역시 서구 서곶로 788 (당하동, 홀리랜드) 1층","032-561-1578"
"신림역점","서울 관악구","서울특별시 관악구 신림로 313 (신림동) 2-3층","02-877-5596"
"대구수성네거리점","대구 수성구","대구광역시 수성구 들안로 326 1,2층 수성동3가 254-2","053-743-8700"
"인천서구청점","인천 서구","인천광역시 서구 서곶로301번길 7-1 (심곡동, 세광빌딩) 심곡동 247-1,1층","032-569-1235"
"부산광안리점","부산 수영구","부산광역시 수영구 광안해변로 175 (광안동, 광안에이파크오션) 1~2층","051-757-9433"
"대방역점","서울 동작구","서울특별시 동작구 알마타길 6 (대방동, 파밀리에 하늘마루) 101호, 102호 .","02-825-6369"
"다산진건점","경기 남양주시","경기도 남양주시 다산중앙로20번길 10-44 (다산동) 1층  .","070-7808-1221"
"강남대로논현점","서울 강남구","서울특별시 강남구 강남대로 520 (논현동 164번지, 영동빌딩) .","02-6012-2372"
"대전호텔ICC점","대전 유성구","대전광역시 유성구 엑스포로123번길 55 (도룡동) 1층","042-866-5104"
"홍대거리점","서울 마포구","서울특별시 마포구 어울마당로 76-1, 2~4층 (서교동 364-19) 할리스","02-323-3795"
"부산센텀시티점","부산 해운대구","부산광역시 해운대구 센텀2로 24 (우동, 센텀다이아몬드) 1층","051-755-9100"
"창원귀산점","경남 창원시 성산구","경상남도 창원시 성산구 삼귀로 189 귀곡동 723-21","055-266-1353"
"의정부로데오점","경기 의정부시","경기도 의정부시 행복로 28 (의정부동) 지상 1층~ 4층","031-823-0201"
"속초엑스포점","강원 속초시","강원도 속초시 청초호반로 75 (조양동) 1~3층","033-638-2123"
"안산중앙역점","경기 안산시 단원구","경기도 안산시 단원구 광덕4로 234 (고잔동, 천혜로데오프라자) 107,108호","031-484-2002"
"오산시청점","경기 오산시","경기도 오산시 성호대로 124 (원동, 신협빌딩) 101,102호","031-378-8778"
"(하)정안알밤휴게소점","충남 공주시","충청남도 공주시 정안면 논산천안고속도로 57 (정안하행휴게소) 할리스커피","."
"청주NC백화점CGV점","충북 청주시 흥덕구","충북 청주시 흥덕구 2순환로 1233  청주NC백화점 8층","070-4153-5598"
"수락산역점","서울 노원구","서울특별시 노원구 동일로239가길 22 (상계동, 한올빌딩) 2층","02-951-3266"
"망우점","서울 중랑구","서울특별시 중랑구 망우로 470 (망우동) 1층","070-7707-0042"
"구로거리공원점","서울 구로구","서울특별시 구로구 구로중앙로28길 52  구로동 109-1","02-838-7008"
"낙산해수욕장점","강원 양양군","강원도 양양군 강현면 해맞이길 18 .","033-673-0053"
"안산한대앞점","경기 안산시 상록구","경기도 안산시 상록구 중보로 31 (이동, 썬프라자) .","031-419-2131"
"익산부송점","전북 익산시","전라북도 익산시 하나로10길 70-1 (부송동, 레스트빌딩 1층) .","063-832-1717"
"양주삼숭DI점","경기 양주시","경기도 양주시 부흥로 2239 1,2층 삼숭동 477-1","031-848-5375"
"교대역점","서울 서초구","서울특별시 서초구 반포대로30길 81 (서초동, 웅진타워) 1층 .","02-521-8944"
"파주운정역점","경기 파주시","경기도 파주시 경의로1240번길 37-1  101~3호 201~2호","031-957-6200"
"인제점","강원 인제군","강원도 인제군 인제읍 인제로 198 .","033-461-7767"
"가오CGV점","대전 동구","대전광역시 동구 은어송로 72 4층(가오동, 패션아일랜드) .","042-273-7400"
"청주분평점","충북 청주시 서원구","충청북도 청주시 서원구 월평로 4 분평동 1226, 대상탑존빌딩 111호","043-292-5105"
"당진시청점","충남 당진시","충청남도 당진시 시청2로 49-25 (수청동) 로고스타워 1~2층","070-8808-1040"
"익산영등점","전북 익산시","전라북도 익산시 고봉로32길 46-1 (영등동) 1~2층","063-918-2211"
"수원SKV1모터스점","경기 수원시 권선구","경기도 수원시 권선구 평동로79번길 45, 1층 135호 .","031-293-8810"
"구로디지털단지역점","서울 구로구","서울특별시 구로구 디지털로32나길 38 (구로동, 서림빌딩) 1층","02-851-3365"
"공덕경의선숲길점","서울 마포구","서울특별시 마포구 백범로28길 22, 일양빌딩 신관 1층 (염리동 164-1)","02-701-3967"
"울산신정점","울산 남구","울산광역시 남구 동산로 93  신정동 1265-16, 1층","052-260-0900"
"진해속천점","경남 창원시 진해구","경상남도 창원시 진해구 태평로 132 (속천동) 2~3층 할리스커피","055-547-9777"
"칠곡왜관점","경북 칠곡군","경상북도 칠곡군 석적읍 석적로 178-3 1~2층","054-977-8255"
"홍대역2번출구점","서울 마포구","서울특별시 마포구 동교로 200 1~3층 동교동 158-26","02-332-8079"
"가락시장역점","서울 송파구","서울특별시 송파구 중대로 130 가락동112-2, 원전빌딩 1층","02-3401-5337"
"화성능동DT점","경기 화성시","경기 화성시 동탄지성로 215 1,2층 전체호(병점동)","031-221-7286"
"밀양킹콩점","경남 밀양시","경상남도 밀양시 삼문강변로 272 (삼문동) 2,3층","055-351-0056"
"코엑스점","서울 강남구","서울특별시 강남구 영동대로 513, 코엑스 지하 1층  C113호 (삼성동 159)  할리스","02-6002-3100"
"김포시청점","경기 김포시","경기도 김포시 김포대로 847 중앙프라자 105,204호","031-996-1388"
"화정역점","경기 고양시 덕양구","경기도 고양시 덕양구 화신로272번길 67  장군빌딩 1층","070-7514-8707"
"군산새만금산단점","전북 군산시","전라북도 군산시 새만금북로 424 (오식도동) 1층 104호","063-468-4100"
"다산한강점","경기 남양주시","경기도 남양주시 다산지금로 163번길 9-12 1층","031-592-3118"
"덕양구청점","경기 고양시 덕양구","경기도 고양시 덕양구 화중로104번길 8 (화정동, 장원프라자) 1층 102호","070-4647-0030"
"(하)서천휴게소점","충남 서천군","충청남도 서천군 비인면 서해안고속도로 169 .","041-952-5757"
"서대문농협생명빌딩점","서울 서대문구","서울시 서대문구 통일로 87  미근동 257, NH농협생명빌딩 동관 1층","02-364-7787"
"(하)오창휴게소점","충북 청주시 청원구","충청북도 청주시 청원구 오창읍 중부고속도로 21 (오창휴게소통영기점) .","043-217-1477"
"(하)옥산휴게소점","충북 청주시 흥덕구","충청북도 청주시 흥덕구 옥산면 경부고속도로 309 (옥산휴게소부산방향) 옥산휴게소(하행) 할리스커피","043-260-1053"
"김포지식산업센터점","경기 김포시","경기도 김포시 태장로 795번길 145, 아셈호텔 1층 장기동 2011-2","070-4953-9475"
"군포IT밸리점","경기 군포시","경기도 군포시 고산로148번길 17 (당정동, 군포IT밸리) 1층","031-8086-8211"
"광양중동점","전남 광양시","전라남도 광양시 공영로 92-1 (중동) .","061-795-6600"
"대구이월드점","대구 달서구","대구광역시 달서구 두류공원로 200 (두류동) .","053-620-0001"
"대전문지점","대전 유성구","대전광역시 유성구 문지로299번길 94-19 (문지동) 1층","042-861-6947"
"마곡나인스퀘어점","서울 강서구","서울특별시 강서구 공항대로 206 (마곡동, 나인스퀘어) 마곡동 800, 101,102,103호","02-2664-7876"
"전주아중점","전북 전주시 덕진구","전라북도 전주시 덕진구 아중로 193 (우아동2가) 1,2층","063-246-2203"
"청주명암레이크점","충북 청주시 상당구","충북 청주시 상당구 명암로 32 용담동 449","0507-1384-9696"
"인천공항T1점","인천 중구","인천광역시 중구 공항로 272 (운서동, 인천공항) 인천국제공항 제1여객터미널 L/S 1층","032-743-3716"
"이천하이닉스점","경기 이천시","경기도 이천시 부발읍 경충대로 2091 연구개발동 1층","031-8094-8747"
"수유사거리점","서울 강북구","서울특별시 강북구 도봉로82길 11 (번동) 2~4층","070-5226-1999"
"명동퍼시픽호텔점","서울 중구","서울특별시 중구 퇴계로20길 2 (남산동2가, 퍼시픽호텔) 1층","02-3789-8747"
"보라매병원점","서울 동작구","서울시 동작구 보라매로5길 20 서울특별시보라매병원 희망관 1층","02-831-3085"
"광주수완2호점","광주 광산구","광주광역시 광산구 수완로 73번길 7, 1층 (수완동)  .","062-959-3327"
"수원망포점","경기 수원시 영통구","경기도 수원시 영통구 덕영대로1556번길 16 디지털엠파이어빌딩 125,126,127,212호 (영통동)","031-204-0065"
"무악재역점","서울 서대문구","서울특별시 서대문구 통일로 360 (홍제동, 보하빌딩) .","02-6406-0046"
"(하)마장휴게소점","경기 이천시","경기도 이천시 마장면중부고속도로82 마장휴게소 하행 통영방향, 목리 산 13-32","031-630-0001"
"오산수청점","경기 오산시","경기도 오산시 내삼미로79번길 46 (수청동 619-1) 101~104호 (수청동, 어반스페이스타워)","031-377-5823"
"공덕점","서울 마포구","서울특별시 마포구  마포대로 143 (공덕동, 마포공덕파크팰리스 Ⅱ) 1층 (114~121호)","02-701-5785"
"(상)예산휴게소점","충남 예산군","충청남도 예산군 신양면 당진영덕고속도로 33 (예산휴게소 상행) 당진 방향","없음"
"대구성서점","대구 달서구","대구광역시 달서구 성서로 419, 국민연금대구사옥 1층 (이곡동 1198-5) 할리스","053-584-5702"
"울산야음점","울산 남구","울산 남구 수암로 138, 타임스퀘어 상가 야음동 789-14, 101호","052-276-3535"
"홍대역점","서울 마포구","서울특별시 마포구 어울마당로 111 (동교동) 2~4층","02-323-7791"
"신촌연세로점","서울 서대문구","서울특별시 서대문구 연세로 5, 1층 (창천동 30-7) 할리스","02-322-3684"
"용인명지대점","경기 용인시 처인구","경기도 용인시 처인구 명지로116번길 24-2 (남동) 1~2층","070-4042-3118"
"용산아이파크몰 영풍문고점","서울 용산구","서울특별시 용산구 한강대로23길 55 (한강로3가, 용산역) 용산역 리빙관 3층(한강로 3가)","070-8835-5073"
"국민연금공단점","전북 전주시 덕진구","전북 전주시 덕진구  기지로 170 국민연금공단 국민누리관 1층","063-221-5072"
"부산금강식물원점","부산 금정구","부산광역시 금정구 금샘로 22 (장전동) 1,2층 .","051-517-1110"
"구로역점","서울 구로구","서울특별시 구로구 새말로 18-29 (구로동) .","02-862-3216"
"공덕역북카페점","서울 마포구","서울특별시 마포구 마포대로 100 (공덕동, 공덕역) 북카페 지하1층, 공덕동 423-29","없음"
"부안격포채석강점","전북 부안군","전라북도 부안군 변산면 채석강길 22-6 .","063-584-0011"
"대구관음점","대구 북구","대구광역시 북구 구암로 59 비전스퀘어 1,2층 .","053-324-6122"
"대전가장점","대전 서구","대전광역시 서구 도솔로 314  1층, 2층(괴정동, SL 빌딩)","042-365-0365"
"대전신성점","대전 유성구","대전광역시 유성구 유성대로1184번길 18 (신성동) .","042-862-3335"
"천안쌍용점","충남 천안시 서북구","충청남도 천안시 서북구 미라13길 16 (쌍용동) 쌍용동 955, 성건오피스텔 1층","041-563-4700"
"전경련회관점","서울 영등포구","서울특별시 영등포구 여의대로 24 (여의도동, 전국경제인연합회회관) 지하 1층 B109~111호","02-786-3485"
"한양대병원점","서울 성동구","서울특별시 성동구 왕십리로 222-1, 한양대학교병원 본관 1층 (사근동 110, 한양대학부속병원) 할리스","02-2281-2116"
"월곶점","경기 시흥시","경기도 시흥시 월곶중앙로 63 (월곶동) .","031-404-7966"
"대전만년점","대전 서구","대전광역시 서구 둔산대로117번길 95 (만년동, 리더스타운) 만년동 309","042-485-9777"
"(하)선산휴게소점","경북 구미시","경상북도 구미시 옥성면 중부내륙고속도로 129 .","."
"화성융건릉점","경기 화성시","경기도 화성시 효행로 501-3 1,2층","031-224-6999"
"대전탄방점","대전 서구","대전광역시 서구 계룡로571번길 23-19 (탄방동) 1층 102호,103호,104호 / 탄방동 688","042-482-8425"
"서전주DT점","전북 전주시 완산구","전라북도 전주시 완산구 유연로 5 A동","063-901-0802"
"김포한강생태공원점","경기 김포시","경기도 김포시 김포한강11로 452,1~2층  운양동 1264-4","031-996-2000"
"부산명륜역점","부산 동래구","부산광역시 동래구 온천장로 5 (온천동),1층 1층 / 온천동 473-10","051-557-7811"
"진주평거점","경남 진주시","경상남도 진주시 진양호로 46 (평거동) 1층,2층 (에스원빌딩)","055-745-9633"
"아주대병원점","경기 수원시 영통구","경기도 수원시 영통구 월드컵로 164 (원천동, 아주대학병원) 아주대학교병원 본관 1층","031-211-5718"
"종로5가점","서울 종로구","서울특별시 종로구 동호로 401(종로5가) .","02-2266-1989"
"충북오송점","충북 청주시 흥덕구","충청북도 청주시 흥덕구 오송읍 만수1길 3 .","043-239-0075"
"여의도파이낸스타워점","서울 영등포구","서울특별시 영등포구 국제금융로2길 32, 여의도파이낸스타워 1층(여의도동 23-8)","02-761-3154"
"김포농협본점","경기 김포시","경기도 김포시 홍도평로 20 (걸포동) 김포농협하나로마트본점 2층","031-986-7932"
"다산지금점","경기 남양주시","경기도 남양주시 다산중앙로82번안길 143-15 101호","070-7778-2409"
"서울대병원점","서울 종로구","서울특별시 종로구 대학로 101 (연건동, 서울대학교의과대학)","02-741-5815"
"구로디지털뉴스테이점","서울 영등포구","서울시 영등포구 시흥대로 595 104~5호","070-7547-4100"
"전북김제점","전북 김제시","전북 김제시 검산택지 5길 21-10 1층","063-547-9600"
"대구침산네거리점","대구 북구","대구광역시 북구 침산남로 157 (침산동) .","053-353-5544"
"센터포인트점","서울 종로구","서울특별시 종로구 새문안로5길 31, 센터포인트광화문빌딩 1층 (도렴동 65, 센터포인트 광화문) 할리스","02-6031-6213"
"홍대입구역점","서울 마포구","서울특별시 마포구 양화로 151, 1층 (동교동 160-1) 할리스","02-322-3584"
"군산미장점","전북 군산시","전라북도 군산시 미장안길 54  통큰타운3동 105호","063-442-8777"
"백석예술대학교점","서울 서초구","서울특별시 서초구 방배로9길 23 (백석예술대학교 신관 1층) 방배동 981-17","02-585-9150"
"전남장흥점","전남 장흥군","전라남도 장흥군 장흥읍 북부로 18 .","061-862-0119"
"구리수택DI점","경기 구리시","경기도 구리시 검배로 73 (수택동) 할리스","031-551-0988"
"난곡사거리점","서울 관악구","서울 관악구 남부순환로 1489 신림동 526-13","02-865-0012"
"역곡역점","경기 부천시 원미구","경기 부천시 부일로726번길 5 (역곡동 80) 역곡역 2번출구 사거리에서 가톨릭대학교방향 좌회전 후 약 50M","070-8887-4965"
"오산대역DT점","경기 오산시","경기도 오산시 경기대로 491 (수청동) 1층~3층 할리스","031-372-9750"
"을지로입구점","서울 중구","서울특별시 중구 명동3길 23 (을지로2가) 1~4층 할리스","02-318-6381"
"구미금오산DI점","경북 구미시","경상북도 구미시 금오산로 209 (남통동) 할리스커피 구미금오산점","054-441-4452"
"(하)매송휴게소점","경기 화성시","경기 화성시 매송면 서해안고속도로 315 목포방향 서해안고속도로 315 목포방향","."
"(상)매송휴게소점","경기 화성시","경기 화성시 매송면 서해안고속도로 316 서울방향 .","."
"전주남천교점","전북 전주시 완산구","전라북도 전주시 완산구 전주천서로 81  동서학동 66","063-232-6000"
"대구침산점","대구 북구","대구 북구 성북로 36,2층 601,602,603,604 473-3, 침산초등학교 맞은편","053-353-5412"
"(하)홍천휴게소점","강원 홍천군","강원도 홍천군 화촌면 서울양양고속도로 84 .","."
"동탄카림애비뉴점","경기 화성시","경기도 화성시 동탄대로시범길 134 0001호 .","031-372-1650"
"대구동성로점","대구 중구","대구광역시 중구 동성로6길 32, B1~2층 (공평동 52-2) 할리스","053-252-6307"
"인천주안역점","인천 남구","인천광역시 미추홀구 주안로 105 1,2층 (주안동 130-10)","032-425-1793"
"울산삼산대로점","울산 남구","울산광역시 남구 정동로 71 (삼산동) 삼산동","052-293-2234"
"동대구환승센터점","대구 동구","대구광역시 동구 동부로 149 (신천동, 신세계동대구복합환승센터) 3층","053-742-0614"
"(하)괴산휴게소점","충북 괴산군","충북 괴산군 장연면 중부내륙고속도로 205 괴산(마산방향)휴게소  할리스커피","043-832-7966"
"(상)보성녹차휴게소점","전남 보성군","전라남도 보성군 미력면 남해고속도로 63 (보성녹차(목포)주유소) 목포방향","070-4325-8801"
"(하)보성녹차휴게소점","전남 보성군","전남 보성군 겸백면 남해고속도로 70 .","070-4325-8808"
"선릉샹제리제점","서울 강남구","서울특별시 강남구 테헤란로 406 (대치동, 샹제리제센터) A동 1층","02-501-4255"
"인천연수CGV점","인천 연수구","인천 연수구 청능대로 210 (스쿼어원 4층) 동춘동 926","032-456-4499"
"(상)추풍령휴게소점","경북 김천시","경북 김천시 봉산면 경부고속도로 214-1 광천리 737-1 (서울방향)","054-439-3187"
"울산풍차DT점","울산 북구","울산광역시 북구 산업로 1448-1 신천동 426","052-292-8181"
"(하)만남의광장점","서울 서초구","서울특별시 서초구 양재대로12길 73-71 (원지동, 만남의광장) 할리스커피","02-578-3372"
"시흥하늘휴게소점","경기 시흥시","경기도 시흥시 수도권제1순환고속도로 105-1 (조남동) 조남동 15-10, 2층(일산방향)","010-8326-4908"
"남악신도시점","전남 무안군","전라남도 무안군 삼향읍 남악로 234 트리폴리앙 B동 1, 108호 .","061-282-8280"
"(상)장안휴게소점","부산 기장군","부산광역시 기장군 장안읍 동해고속도로 26 .","051-727-3714"
"(하)장안휴게소점","부산 기장군","부산광역시 기장군 장안읍 동해고속도로 25 (장안휴게소하행) .","051-727-3647"
"충무로역점","서울 중구","서울특별시 중구 퇴계로36길 2 (필동2가, 동국대학교충무로영상센터) .","02-2268-8960"
"(상)마장휴게소점","경기 이천시","경기도 이천시 마장면 중부고속도로 82 마장휴게소 상행 하남방향","031-630-0001"
"광주일곡점","광주 북구","광주광역시 북구 송해로 81 일곡동 821-5  1~3층","070-7716-0123"
"당진푸르지오점","충남 당진시","충청남도 당진시 읍내동 1590 1층 희은빌라 .","041-354-2004"
"대전전민점","대전 유성구","대전광역시 유성구 전민로22번길 62 전민동 306-1","042-389-2831"
"홍천점","강원 홍천군","강원도 홍천군 홍천읍 꽃뫼로 98 1층 .","033-432-3368"
"목포하당점","전남 목포시","전라남도 목포시 비파로51번길 37 (상동) .","061-283-9800"
"별내카페거리점","경기 남양주시","경기도 남양주시 두물로39번길 33 (별내동) 1층","031-574-5655"
"파주탄현점","경기 파주시","경기도 파주시 탄현면 방촌로 1017 1,2층","031-947-9477"
"(상)안성휴게소점","경기 안성시","경기도 안성시 원곡면 산하리 67-3  000","x"
"광주우산점","광주 광산구","광주광역시 광산구 풍영철길로 12 (우산동) 1~2층","062-956-6582"
"수원인계점","경기 수원시 팔달구","경기도 수원시 팔달구 인계로138번길 49 (인계동) 인계동 1038-12","031-222-6842"
"영종하늘도시점","인천 중구","인천 중구 하늘달빛로 90-21 1,2층 중산동 1876-9","032-752-1761"
"동부산우체국점","부산 동구","부산광역시 동구 조방로 15, 1층  .","051-631-3193"
"안성팜랜드점","경기 안성시","경기도 안성시 공도읍 대신두길 28, 안성팜랜드 .","070-4228-7345"
"양산원동점","경남 양산시","경상남도 양산시 원동면 원동로 1429 .","055-372-0268"
"인천엠파크허브점","인천 서구","인천광역시 서구 염곡로 52, 엠파크 허브동 103호 (가좌동 150-19) .","032-265-0103"
"대구월성CGV점","대구 달서구","대구광역시 달서구 조암로 29 이래타워 4F 월성동, 616","없음"
"유스퀘어CGV점","광주 서구","광주광역시 서구 무진대로 904, 유스퀘어 2층 (광천동, 49-1) .","062-351-4687"
"광주운남점","광주 광산구","광주광역시 광산구 하남대로 248-13 (운남동 771-3 ) 대영빌딩 1층","062-951-5979"
"동천안우체국점","충남 천안시 동남구","충청남도 천안시 동남구 청수5로 10, 1층 .","041-522-5024"
"(상)사천휴게소점","경남 사천시","경상남도 사천시 곤양면 묵실길 31-11 (순천방향) .","055-854-3574"
"(하)사천휴게소점","경남 사천시","경상남도 사천시 곤양면 서삼로 619 (부산방향) .","055-854-3134"
"전북도청점","전북 전주시 완산구","전라북도 전주시 완산구 홍산남로 51, 102~103호 일부(효자동3가) .","063-228-4005"
"전북부안점","전북 부안군","전라북도 부안군 부안읍 석정로 269, 1층 .","063-581-0620"
"동해촛대바위점","강원 동해시","강원도 동해시 촛대바위길 16 (추암동 1-6) 1~2층","033-522-0117"
"부산송도점","부산 서구","부산광역시 서구 송도해변로 61-1 .","051-255-6100"
"평택서재점","경기 평택시","경기도 평택시 서재로 26-24 (동삭동) 1,2층 동삭동 711-14","031-651-2750"
"원주단계택지점","강원 원주시","강원도 원주시 장미공원길 27-9 .","033-745-5007"
"수서점","서울 강남구","서울특별시 강남구 밤고개로1길 10 지하1층,25호(수서현대벤쳐빌) .","02-451-0723"
"수원오목천점","경기 수원시 권선구","경기도 수원시 권선구 서수원로 179 1~2층","031-291-7933"
"(상)군위휴게소점","대구 군위군","대구광역시 군위군 군위읍 경북대로 4084 부산방향","054-383-6114"
"(상)지리산휴게소점","전북 남원시","전라북도 남원시 아영면 광주대구고속도로 76 (대구방면)","063-636-7191"
"(하)지리산휴게소점","전북 남원시","전라북도 남원시 아영면 광주대구고속도로 75 (지리산휴게소(하)광주방면) (광주, 고서,담양방면)","063-636-7195"
"여수웅천점","전남 여수시","전라남도 여수시 예울마루로 35-24 (웅천동) 웅천동 1699-3","061-681-2522"
"(상)남성주휴게소점","경북 성주군","경상북도 성주군 용암면 중부내륙고속도로 76 (본리리, 남성주(양평방향)휴게소) 양평방향","054-931-5742"
"고속터미널영동선점","서울 서초구","서울특별시 서초구 신반포로 194 (반포동, 강남고속버스터미널) 2층 A-2호","02-591-1555"
"(상)옥천휴게소점","충북 옥천군","충청북도 옥천군 옥천읍 옥천동이로 242-34 (매화리, 옥천상휴게소) .","043-731-8096"
"세종어진점","세종 세종시","세종특별자치시 절재로 194 (어진동, 중앙타운) 133호,214호 .","070-7766-1589"
"대구동천점","대구 북구","대구광역시 북구 동천로 125 (동천동) .","053-321-0099"
"(하)남성주휴게소점","경북 성주군","경상북도 성주군 선남면 중부내륙고속도로 77 (명포리, 남성주(창원방향)휴게소) 창원방향","054-933-7105"
"안양역점","경기 안양시 만안구","경기도 안양시 만안구 장내로139번길 61 .","031-466-2879"
"대전도안마을점","대전 유성구","대전광역시 유성구 도안대로 560 (봉명동, 도안마을1단지) .","042-826-6080"
"구로점","서울 구로구","서울특별시 구로구 디지털로34길 55 (구로동, 코오롱싸이언스밸리2차) 1층/ 구로동 811","02-2025-0255"
"고양행신점","경기 고양시 덕양구","경기도 고양시 덕양구 충경로 37 (행신동) 1층","031-938-4055"
"인계써드아이점","경기 수원시 팔달구","경기도 수원시 팔달구 인계로 130 (인계동) 1층","031-232-0727"
"아산우체국점","충남 아산시","충청남도 아산시 시민로 455 (온천동, 아산우체국) 온천동 1585","041-548-5024"
"가산디지털단지점","서울 금천구","서울특별시 금천구 가산디지털1로 186 (가산동, 제이플라츠) 가산동 459-11","02-2028-7111"
"목포평화점","전남 목포시","전라남도 목포시 미항로 129 .","061-285-0365"
"(하)단양휴게소점","충북 단양군","충청북도 단양군 적성면 기동리 산 74-1 (중앙고속도로 부산방향) 기동리 423-1","043-423-5401"
"광주조선대점","광주 동구","광주광역시 동구 필문대로273번길 12, 1,2층(지산동) .","062-416-3647"
"전북고창점","전북 고창군","전라북도 고창군 고창읍 중앙로 195 (읍내리) .","063-564-3357"
"(상)거창휴게소점","경남 거창군","경상남도 거창군 가조면 가조가야로 1523 (도리, 거창휴게소(상)) .","055-943-0992"
"(서)양산휴게소점","경남 양산시","경상남도 양산시 동면 목장길 15-50 (내송리, 양산휴게소) .","055-384-0144"
"(하)거창휴게소점","경남 거창군","경상남도 거창군 가조면 가조가야로 1543-81 .","055-943-0992"
"평촌스마트스퀘어점","경기 안양시 동안구","경기도 안양시 동안구 시민대로 311, 110호/111호(관양동, 금강스마트빌딩) .","031-421-8097"
"청주성모병원점","충북 청주시 청원구","충청북도 청주시 청원구 주성로 173-19, 청주성모병원 본관 주중동 589-5","070-7761-0015"
"(하)안성휴게소점","경기 안성시","경기도 안성시 원곡면 경부고속도로 365 안성휴게소(부산방향) .","031-655-0531"
"의정부시청점","경기 의정부시","경기도 의정부시 시민로 57, 1층 동원빌딩","031-826-0009"
"전주혁신도시점","전북 전주시 완산구","전라북도 전주시 완산구 오공로 33 1~2층","063-221-3361"
"천안두정점","충남 천안시 서북구","충청남도 천안시 서북구 오성6길 52,세윤빌딩 1층  두정동 779","041-574-0013"
"대림역점","서울 영등포구","서울특별시 영등포구 도림로 140 (대림빌딩 101호) .","02-834-1000"
"평택점","경기 평택시","경기도 평택시 평택1로 11 .","031-651-1223"
"충북진천점","충북 진천군","충청북도 진천군 진천읍 중앙북로 28 2층 .","043-534-8584"
"김포골드밸리점","경기 김포시","경기도 김포시 양촌읍 황금로109번길 27 1층, 동양프라자","031-998-7233"
"남부터미널점","서울 서초구","서울특별시 서초구 서초중앙로 52 (서초동, 영진빌딩) 서초동 1623-10","02-584-9500"
"고덕리앤파크점","서울 강동구","서울특별시 강동구 상일로 151 (고덕동) 고덕동 182, 1층","02-441-1121"
"원주중앙점","강원 원주시","강원도 원주시 중평길 4, 2~4층 .","033-748-1188"
"전주송천점","전북 전주시 덕진구","전라북도 전주시 덕진구 송천로 1, 1-2블럭 2-112,113,136호 1층","063-275-3308"
"송천솔내점","전북 전주시 덕진구","전라북도 전주시 덕진구 붓내3길 17 송천동 2가 244-10, 1층","063-291-8000"
"한티역점","서울 강남구","서울특별시 강남구 도곡로 414 (대치동, 삼성빌딩) .","02-538-8886"
"광주첨단점","광주 광산구","광주광역시 광산구 첨단중앙로 136 1층 .","062-434-0200"
"충정래미안점","서울 중구","서울특별시 중구 중림로 21 (중림동, 더플레이스충정로) B204호","02-363-1388"
"동판교M타워점","경기 성남시 분당구","경기도 성남시 분당구 판교역로241번길 22, 1층 .","031-8017-7557"
"노량진역점","서울 동작구","서울특별시 동작구 노량진로 157 (노량진동) 2-5층","02-827-0280"
"충북대점","충북 청주시 흥덕구","충청북도 청주시 흥덕구 내수동로 53 1~2층 / 복대동 873-10","043-266-2248"
"(하)군위휴게소점","대구 군위군","대구광역시 군위군 군위읍 경북대로 4082 춘천방향","070-4162-5309"
"굽은다리역점","서울 강동구","서울특별시 강동구 양재대로 1591 , 1층 (천호동 31-2)","02-488-5077"
"송도IT점","인천 연수구","인천 연수구 송도과학로 32, 송도테크노파크IT센터 1층-A104호 .","032-209-7979"
"(하)문경휴게소점","경북 문경시","경상북도 문경시 중부내륙고속도로 173 .","054-554-1655"
"서울대사거리점","서울 관악구","서울특별시 관악구 관악로 172, 2층 봉천동 857-4","02-877-6070"
"도심공항점","서울 강남구","서울특별시 강남구 테헤란로87길 22 (삼성동, 한국도심공항터미널, 2층)   203호","02-2016-5400"
"광화문LG점","서울 종로구","서울특별시 종로구 새문안로 58 (신문로2가, LG광화문빌딩) 1층, 지하1층","02-720-6994"
"건대입구점","서울 광진구","서울특별시 광진구 아차산로 235 (화양동)  235 (화양동)","02-463-1983"
"청담점","서울 강남구","서울특별시 강남구 학동로 517 (청담동) 1층","02-515-9915"
"이수역점","서울 동작구","서울특별시 동작구 동작대로 83 (사당동, 헤라피스빌딩) B1~1층","02-588-4845"
"방배점","서울 서초구","서울특별시 서초구 남부순환로 2335 (방배동, 옥스포드빌딩) .","02-581-4858"
"분당서현점","경기 성남시 분당구","경기도 성남시 분당구 황새울로 315, 1층 104 (서현동, 대현빌딩) .","031-781-6254"
"부천중동점","경기 부천시 원미구","경기도 부천시 원미구 소향로 203, B동 109-110호  중동 1152-3 매트로펠리스 B동1층","032-325-6766"
"테크노마트점","서울 광진구","서울특별시 광진구 광나루로56길 85, 9층 14호 (구의동, 테크노마트21) .","02-3424-8484"
"산본점","경기 군포시","경기도 군포시 번영로 505 1층 (산본동, 대우디오플러스)","031-392-5999"
"광주충장로점","광주 동구","광주광역시 동구 충장로안길 43 충장로1가 23","062-223-0688"
"역삼스타점","서울 강남구","서울특별시 강남구 테헤란로26길 12, 1층 (역삼동 736-56) 할리스","02-501-4142"
"부산경성대2호점","부산 남구","부산광역시 남구 수영로 306, 3층 (대연동 72-1) 할리스","051-611-3021"
"김포공항점","서울 강서구","서울특별시 강서구 하늘길 112 김포공항 국내선청사 1층","02-2064-0312"
"여의도하나증권점","서울 영등포구","서울특별시 영등포구  의사당대로 82 1층 할리스","02-761-7231"
"부산송정DI점","부산 해운대구","부산광역시 해운대구 송정광어골로 77 (송정동 443-5) 할리스","051-701-5591"
"광나루역점","서울 광진구","서울특별시 광진구 천호대로 808, 광장현대홈타운 제1202동 상가 1층 (광장동 580) 할리스","02-444-0542"
"세로수길점","서울 강남구","서울특별시 강남구 강남대로152길 41 (신사동 536-6) 할리스","02-511-1473"
"목동점","서울 양천구","서울특별시 양천구 목동서로 159-1 CBS 1,2층 CBS 1,2층 할리스","02-2062-1063"
"광주아울렛점","광주 서구","광주광역시 서구  상무대로 633","062-385-5122"
"울산디자인거리점","울산 남구","울산광역시 남구 돋질로302번길 38 (삼산동 1575-22) 할리스","052-256-0566"
"당산역점","서울 영등포구","서울특별시 영등포구 당산로 219","02-2631-3446"
"수원권선행복점","경기 수원시 권선구","경기도 수원시 권선구  권광로 119 (권선동) 1층 할리스","031-221-7895"
"의왕현대연구소점","경기 의왕시","경기도 의왕시 철도박물관로 37, 1층 (삼동, 현대자동차그룹의왕연구소)","031-462-9065"
"부산동래역점","부산 동래구","부산광역시 동래구 삼성대길 34-25, 1~3층 (명륜동 502-4) 할리스","051-552-2990"
"연신내점","서울 은평구","서울특별시 은평구 연서로 212, (대조동 199-28) 할리스","02-388-3977"
"잠실광고회관점","서울 송파구","서울특별시 송파구 올림픽로35길 137, 한국방송문화회관 1층 (신천동 7-11) 할리스","***"
"창원상남점","경남 창원시 성산구","경상남도 창원시 성산구 마디미로31번길 3 (상남동 상남동 18-9) 할리스","055-261-5955"
"배명사거리점","서울 송파구","서울특별시 송파구 백제고분로 275, 1층 (석촌동 14-7) 할리스","02-422-4915"
"노원문화의거리점","서울 노원구","서울특별시 노원구 노해로81길 22-26 할리스","02-935-8231"
"부산해운대점","부산 해운대구","부산광역시 해운대구 해운대해변로 277, 다옴빌딩 1~2층 (중1동 1412-7) 할리스","051-746-1463"
"도곡점","서울 강남구","서울특별시 강남구 논현로28길 54, 덕원빌딩 1층 (도곡동 422-2) 할리스","02-6204-3311"
"부산경성대점","부산 남구","부산광역시 남구 용소로 7, 청라빌딩 2~3층 (대연동 56-8) 할리스","051-611-6893"
"인천한옥마을점","인천 연수구","인천광역시 연수구 테크노파크로 180, 다동 지상1층(송도동)","032-831-0337"
"강남역점","서울 강남구","서울특별시 강남구 강남대로 402, 시계탑빌딩 B1~1층 (역삼동 820-11)  할리스","02-555-0890"
"대전둔산청솔점","대전 서구","대전광역시 서구 둔산로 223 제상가 2동 할리스","042-489-7990"
"수원권선점","경기 수원시 권선구","경기도 수원시 권선구  권선로 667 (권선동) 1층 할리스","031-302-2601"
"용산더프라임점","서울 용산구","서울특별시 용산구 원효로90길 11 더프라임타워 업무동 1층","02-2135-1999"
"마산터미널점","경남 창원시 마산회원구","경상남도 창원시 마산회원구 합성옛길 159, 마산시외버스터미널 1층(합성동 267) 할리스","055-251-5698"
"세종로점","서울 종로구","서울특별시 종로구 세종대로 161, 2~3층 (세종로 200) 할리스","02-720-5582"
"수원역점","경기 수원시 팔달구","경기도 수원시 팔달구 향교로 6 (매산로1가)","031-257-3313"
"성남터미널점","경기 성남시 분당구","경기도 성남시 분당구  성남대로925번길 16 (야탑동, 분당종합터미널) 1층 할리스","070-4651-0140"
"합정역점","서울 마포구","서울특별시 마포구 양화로 36 (합정동 374-1) 할리스","02-6204-1234"
"부산달맞이점","부산 해운대구","부산광역시 해운대구 달맞이길 199, 2~3층 (중동 1488-14) 할리스","051-731-3410"
"신림점","서울 관악구","서울특별시 관악구 신림로 353-1","02-877-0019"
"태평로점","서울 중구","서울특별시 중구 세종대로 64, 해남빌딩 1층 (태평로2가 70-5) 할리스","02-755-7795"
"신촌점","서울 서대문구","서울특별시 서대문구 연세로 34 (창천동 31-12)  할리스","02-393-2004"
